{
  "annotations": {
    "list": [
      {
        "builtIn": 1,
        "datasource": "-- Grafana --",
        "enable": true,
        "hide": true,
        "iconColor": "rgba(0, 211, 255, 1)",
        "name": "Annotations & Alerts",
        "type": "dashboard"
      }
    ]
  },
  "editable": true,
  "gnetId": null,
  "graphTooltip": 0,
  "id": 25,
  "iteration": 1617743867725,
  "links": [
    {
      "asDropdown": true,
      "icon": "external link",
      "includeVars": true,
      "keepTime": true,
      "tags": [
        "SQLWATCH"
      ],
      "title": "Dashboards",
      "type": "dashboards"
    }
  ],
  "panels": [
    {
      "datasource": null,
      "fieldConfig": {
        "defaults": {
          "custom": {}
        },
        "overrides": []
      },
      "gridPos": {
        "h": 2,
        "w": 24,
        "x": 0,
        "y": 0
      },
      "id": 42,
      "options": {
        "content": "Folded panels become inactive and do not query database.",
        "mode": "markdown"
      },
      "pluginVersion": "7.4.2",
      "targets": [
        {
          "queryType": "randomWalk",
          "refId": "A"
        }
      ],
      "timeFrom": null,
      "timeShift": null,
      "title": "",
      "transparent": true,
      "type": "text"
    },
    {
      "collapsed": false,
      "datasource": null,
      "gridPos": {
        "h": 1,
        "w": 24,
        "x": 0,
        "y": 2
      },
      "id": 28,
      "panels": [],
      "title": "Performance - Current Values",
      "type": "row"
    },
    {
      "datasource": null,
      "fieldConfig": {
        "defaults": {
          "custom": {}
        },
        "overrides": []
      },
      "gridPos": {
        "h": 2,
        "w": 24,
        "x": 0,
        "y": 3
      },
      "id": 23,
      "options": {
        "content": "To show accurate values in real-time, please set the time range to 5, 10 or 15 minutes and auto-refresh to 10 seconds. The tiles will not show history older than 15 minutes to avoid overloading your server.",
        "mode": "markdown"
      },
      "pluginVersion": "7.4.2",
      "targets": [
        {
          "queryType": "randomWalk",
          "refId": "A"
        }
      ],
      "timeFrom": null,
      "timeShift": null,
      "title": "",
      "transparent": true,
      "type": "text"
    },
    {
      "datasource": "${DataSource}",
      "description": "Server Instance: $sql_instance",
      "fieldConfig": {
        "defaults": {
          "custom": {},
          "decimals": 0,
          "links": [
            {
              "targetBlank": true,
              "title": "$sql_instance Details",
              "url": "/d/sqlwatch-instance-overview/sql-instance-details?${__all_variables}"
            }
          ],
          "mappings": [],
          "min": 1,
          "thresholds": {
            "mode": "absolute",
            "steps": [
              {
                "color": "dark-green",
                "value": null
              }
            ]
          },
          "unit": "none"
        },
        "overrides": [
          {
            "matcher": {
              "id": "byName",
              "options": "CPU Usage %"
            },
            "properties": [
              {
                "id": "thresholds",
                "value": {
                  "mode": "percentage",
                  "steps": [
                    {
                      "color": "dark-green",
                      "value": null
                    },
                    {
                      "color": "light-orange",
                      "value": 80
                    },
                    {
                      "color": "red",
                      "value": 95
                    }
                  ]
                }
              },
              {
                "id": "unit",
                "value": "percent"
              },
              {
                "id": "min",
                "value": 0
              },
              {
                "id": "max",
                "value": 100
              },
              {
                "id": "displayName",
                "value": "CPU"
              },
              {
                "id": "noValue",
                "value": "-1"
              },
              {
                "id": "decimals",
                "value": 1
              }
            ]
          },
          {
            "matcher": {
              "id": "byName",
              "options": "Latency"
            },
            "properties": [
              {
                "id": "unit",
                "value": "ms"
              },
              {
                "id": "thresholds",
                "value": {
                  "mode": "absolute",
                  "steps": [
                    {
                      "color": "dark-green",
                      "value": null
                    },
                    {
                      "color": "dark-green",
                      "value": 0
                    },
                    {
                      "color": "light-orange",
                      "value": 20
                    },
                    {
                      "color": "red",
                      "value": 50
                    }
                  ]
                }
              },
              {
                "id": "displayName",
                "value": "Disk Latency"
              },
              {
                "id": "noValue",
                "value": "0"
              }
            ]
          },
          {
            "matcher": {
              "id": "byName",
              "options": "Waiting Time"
            },
            "properties": [
              {
                "id": "unit",
                "value": "ms"
              },
              {
                "id": "thresholds",
                "value": {
                  "mode": "absolute",
                  "steps": [
                    {
                      "color": "dark-green",
                      "value": null
                    },
                    {
                      "color": "light-orange",
                      "value": 800
                    },
                    {
                      "color": "red",
                      "value": 1000
                    }
                  ]
                }
              },
              {
                "id": "noValue",
                "value": "0"
              }
            ]
          },
          {
            "matcher": {
              "id": "byName",
              "options": "Bytes Transferred"
            },
            "properties": [
              {
                "id": "unit",
                "value": "Bps"
              },
              {
                "id": "displayName",
                "value": "Disk IO"
              },
              {
                "id": "noValue",
                "value": "0"
              }
            ]
          },
          {
            "matcher": {
              "id": "byName",
              "options": "Batch Requests/sec"
            },
            "properties": [
              {
                "id": "displayName",
                "value": "Batch Requests"
              },
              {
                "id": "noValue",
                "value": "0"
              },
              {
                "id": "unit",
                "value": "reqps"
              }
            ]
          },
          {
            "matcher": {
              "id": "byName",
              "options": "Page reads/sec"
            },
            "properties": [
              {
                "id": "thresholds",
                "value": {
                  "mode": "absolute",
                  "steps": [
                    {
                      "color": "dark-green",
                      "value": null
                    },
                    {
                      "color": "light-orange",
                      "value": 60
                    },
                    {
                      "color": "red",
                      "value": 90
                    }
                  ]
                }
              },
              {
                "id": "noValue",
                "value": "0"
              }
            ]
          },
          {
            "matcher": {
              "id": "byName",
              "options": "Long Processes"
            },
            "properties": [
              {
                "id": "thresholds",
                "value": {
                  "mode": "absolute",
                  "steps": [
                    {
                      "color": "dark-green",
                      "value": null
                    },
                    {
                      "color": "light-orange",
                      "value": 1
                    }
                  ]
                }
              },
              {
                "id": "noValue",
                "value": "0"
              },
              {
                "id": "links",
                "value": [
                  {
                    "title": "Long Process Details",
                    "url": "/d/sqlwatch-long-queries/long-queries?${__url_time_range}&var-DataSource=${DataSource}&var-sql_instance=${sql_instance}"
                  }
                ]
              },
              {
                "id": "displayName",
                "value": "Long Sessions"
              }
            ]
          },
          {
            "matcher": {
              "id": "byName",
              "options": "Processes blocked"
            },
            "properties": [
              {
                "id": "thresholds",
                "value": {
                  "mode": "absolute",
                  "steps": [
                    {
                      "color": "dark-green",
                      "value": null
                    },
                    {
                      "color": "red",
                      "value": 1
                    }
                  ]
                }
              },
              {
                "id": "displayName",
                "value": "Blocked Sessions"
              }
            ]
          },
          {
            "matcher": {
              "id": "byName",
              "options": "SQL Instance"
            },
            "properties": [
              {
                "id": "displayName",
                "value": "$sql_instance"
              },
              {
                "id": "color",
                "value": {
                  "fixedColor": "rgba(128, 128, 128, 0)",
                  "mode": "fixed"
                }
              },
              {
                "id": "mappings",
                "value": [
                  {
                    "from": "",
                    "id": 1,
                    "text": " ",
                    "to": "",
                    "type": 1,
                    "value": "1"
                  }
                ]
              }
            ]
          },
          {
            "matcher": {
              "id": "byName",
              "options": "Checks"
            },
            "properties": [
              {
                "id": "mappings",
                "value": [
                  {
                    "from": "",
                    "id": 1,
                    "text": "OK",
                    "to": "",
                    "type": 1,
                    "value": "0"
                  },
                  {
                    "from": "",
                    "id": 2,
                    "text": "Warning",
                    "to": "",
                    "type": 1,
                    "value": "1"
                  },
                  {
                    "from": "",
                    "id": 3,
                    "text": "Critical",
                    "to": "",
                    "type": 1,
                    "value": "2"
                  },
                  {
                    "from": "",
                    "id": 4,
                    "text": "Error",
                    "to": "",
                    "type": 1,
                    "value": "3"
                  }
                ]
              },
              {
                "id": "thresholds",
                "value": {
                  "mode": "absolute",
                  "steps": [
                    {
                      "color": "dark-green",
                      "value": null
                    },
                    {
                      "color": "light-orange",
                      "value": 1
                    },
                    {
                      "color": "red",
                      "value": 2
                    },
                    {
                      "color": "purple",
                      "value": 3
                    }
                  ]
                }
              },
              {
                "id": "displayName",
                "value": "$sql_instance"
              },
              {
                "id": "links",
                "value": [
                  {
                    "title": "$sql_instance Check Details",
                    "url": "/d/sqlwatch-instance-overview/sql-instance-overview?${__url_time_range}&viewPanel=252&var-DataSource=${DataSource}&var-sql_instance=${sql_instance}"
                  }
                ]
              }
            ]
          },
          {
            "matcher": {
              "id": "byName",
              "options": "SQL Memory"
            },
            "properties": [
              {
                "id": "min",
                "value": 0
              },
              {
                "id": "max",
                "value": 1
              },
              {
                "id": "decimals",
                "value": 0
              },
              {
                "id": "thresholds",
                "value": {
                  "mode": "absolute",
                  "steps": [
                    {
                      "color": "dark-green",
                      "value": null
                    },
                    {
                      "color": "light-orange",
                      "value": 85
                    },
                    {
                      "color": "red",
                      "value": 95
                    }
                  ]
                }
              },
              {
                "id": "unit",
                "value": "percentunit"
              }
            ]
          },
          {
            "matcher": {
              "id": "byName",
              "options": "Pending"
            },
            "properties": [
              {
                "id": "thresholds",
                "value": {
                  "mode": "absolute",
                  "steps": [
                    {
                      "color": "dark-green",
                      "value": null
                    },
                    {
                      "color": "red",
                      "value": 1
                    }
                  ]
                }
              },
              {
                "id": "displayName",
                "value": "Pending Tasks"
              }
            ]
          },
          {
            "matcher": {
              "id": "byName",
              "options": "Transactions/sec"
            },
            "properties": [
              {
                "id": "displayName",
                "value": "Transactions"
              },
              {
                "id": "unit",
                "value": "cps"
              }
            ]
          },
          {
            "matcher": {
              "id": "byName",
              "options": "Waiting Tasks"
            },
            "properties": [
              {
                "id": "thresholds",
                "value": {
                  "mode": "absolute",
                  "steps": [
                    {
                      "color": "dark-green",
                      "value": null
                    },
                    {
                      "color": "light-orange",
                      "value": 1
                    },
                    {
                      "color": "red",
                      "value": 2
                    }
                  ]
                }
              }
            ]
          }
        ]
      },
      "gridPos": {
        "h": 3,
        "w": 24,
        "x": 0,
        "y": 5
      },
      "id": 18,
      "maxPerRow": 6,
      "options": {
        "colorMode": "background",
        "graphMode": "area",
        "justifyMode": "auto",
        "orientation": "vertical",
        "reduceOptions": {
          "calcs": [
            "lastNotNull"
          ],
          "fields": "",
          "values": false
        },
        "text": {
          "titleSize": 14,
          "valueSize": 28
        },
        "textMode": "value_and_name"
      },
      "pluginVersion": "7.4.2",
      "repeat": "sql_instance",
      "repeatDirection": "v",
      "scopedVars": {
        "sql_instance": {
          "selected": false,
          "text": "SQL-2",
          "value": "SQL-2"
        }
      },
      "targets": [
        {
          "alias": "",
          "format": "time_series",
          "hide": false,
          "rawSql": "SELECT\n      [time] = [snapshot_time] --$__timeGroup([snapshot_time], $aggregation) \n      ,metric = [counter_name]\n      ,[value] = sum([cntr_value_calculated])\n  FROM [dbo].[vw_sqlwatch_report_fact_perf_os_performance_counters]\n  WHERE [aggregation_interval_minutes] = 1\n   AND $__timeFilter(snapshot_time)\n   AND snapshot_time >= dateadd(minute,-15,getutcdate())\n   AND counter_name IN ('Batch Requests/sec','Readahead pages/sec','Transactions/sec','Processes blocked')\n   AND instance_name NOT IN ('mssqlsystemresource')\n   AND [sql_instance] IN ($sql_instance)\n   GROUP BY snapshot_time, counter_name --, $__timeGroup([snapshot_time], $aggregation) \nORDER BY\n  time ASC\n  ",
          "refId": "perf_os_performance_counters"
        },
        {
          "alias": "",
          "format": "time_series",
          "hide": false,
          "rawSql": "SELECT \n      [time] = [snapshot_time] --$__timeGroup([snapshot_time], $aggregation) \n      ,'Wait Time' = sum(wait_time_ms_delta / [delta_seconds])\n      --,'Waiting Tasks' = convert(bigint,sum(waiting_tasks_count_delta / [delta_seconds]) / 1000) --this is similar to waiting tasks in SSMS\n  FROM [dbo].[sqlwatch_logger_perf_os_wait_stats]\n  WHERE 1=1\n  AND $__timeFilter(snapshot_time)\n     AND snapshot_time >= dateadd(minute,-15,getutcdate())\n  AND [sql_instance] IN ($sql_instance)\n  GROUP BY [snapshot_time] --$__timeGroup([snapshot_time], $aggregation) \nORDER BY\n  time ASC\n  \n  ",
          "refId": "perf_os_wait_stats"
        },
        {
          "alias": "",
          "format": "time_series",
          "hide": false,
          "rawSql": "SELECT \n      [time] = snapshot_time --$__timeGroup([snapshot_time], $aggregation) \n      ,[Bytes Transferred] = AVG([bytes_written_per_second]+[bytes_read_per_second])\n      ,[Latency] = MAX([io_latency_read]+[io_latency_write])\n  FROM [dbo].[vw_sqlwatch_report_fact_perf_file_stats]\n  WHERE 1 = 1\n  AND $__timeFilter(snapshot_time)\n     AND snapshot_time >= dateadd(minute,-15,getutcdate())\n  AND [sql_instance] IN ($sql_instance)\n  GROUP BY snapshot_time --$__timeGroup([snapshot_time], $aggregation)\nORDER BY\n  time ASC\n  ",
          "refId": "perf_file_stats"
        },
        {
          "alias": "",
          "format": "time_series",
          "hide": false,
          "rawSql": "SELECT [time] = h.snapshot_time\r\n      , [Long Processes] = count(distinct session_id)\r\n  FROM [dbo].[sqlwatch_logger_snapshot_header] h --this is so we always get row to show the tile, even if there are no rows in the data view. otherwise the tile will not be shown\r\n  left join [dbo].[vw_sqlwatch_report_fact_xes_long_queries] l\r\n    on h.sql_instance = l.sql_instance\r\n    and h.snapshot_time = l.snapshot_time\r\n    and h.snapshot_type_id = l.snapshot_type_id\r\n  WHERE h.[sql_instance] IN ($sql_instance)\r\n   AND h.snapshot_time >= dateadd(minute,-15,getutcdate())\r\n   AND $__timeFilter(h.snapshot_time)\r\n  group by h.snapshot_time\r\nORDER BY\r\n  time desc",
          "refId": "xes_long_queries"
        },
        {
          "alias": "",
          "format": "time_series",
          "hide": false,
          "rawSql": "SELECT top 1 [time]= snapshot_time --$__timeGroup([snapshot_time], $aggregation) \r\n,[SQL Instance]=count(h.sql_instance)\r\n  FROM dbo.sqlwatch_logger_snapshot_header h\r\n  where snapshot_type_id = 1\r\n    AND h.[sql_instance] IN ($sql_instance)\r\n   AND $__timeFilter(h.snapshot_time)\r\n      AND snapshot_time >= dateadd(minute,-15,getutcdate())\r\n  group by snapshot_time --$__timeGroup([snapshot_time], $aggregation) ",
          "refId": "SQL Instance"
        },
        {
          "alias": "",
          "format": "time_series",
          "hide": false,
          "rawSql": "SELECT [time] = getdate(),\r\n [Checks] = max(case \r\n\t\twhen last_check_status = 'OK' then 0\r\n\t\twhen last_check_status = 'WARNING' then 1\r\n\t\twhen last_check_status = 'CRITICAL' then 2\r\n\t\telse 3 end)\r\n  FROM [dbo].[vw_sqlwatch_report_dim_check]\r\n     WHERE [sql_instance] IN ($sql_instance)\r\n     AND check_enabled = 1",
          "refId": "Checks"
        },
        {
          "alias": "",
          "format": "time_series",
          "hide": false,
          "rawSql": "SELECT \n      [time] = snapshot_time --$__timeGroup([snapshot_time], $aggregation) \n      ,[SQL Memory] = [physical_memory_in_use_kb]*1.0/([physical_memory_in_use_kb]+[available_commit_limit_kb])\n  FROM [dbo].[vw_sqlwatch_report_fact_perf_os_process_memory]\n  WHERE 1 = 1\n  AND $__timeFilter(snapshot_time)\n  AND [sql_instance] IN ($sql_instance)\n     AND snapshot_time >= dateadd(minute,-15,getutcdate())\n  ---GROUP BY snapshot_time --$__timeGroup([snapshot_time], $aggregation) \nORDER BY\n  time ASC\n  \n  ",
          "refId": "perf_os_process_memory"
        },
        {
          "alias": "",
          "format": "time_series",
          "hide": false,
          "rawSql": "SELECT \n      [time] = snapshot_time --$__timeGroup([snapshot_time], $aggregation) \n      ,[Pending] = [runnable_tasks_count]+work_queue_count+pending_disk_io_count\n  FROM [dbo].[vw_sqlwatch_report_fact_perf_os_schedulers]\n  WHERE 1 = 1\n  AND $__timeFilter(snapshot_time)\n  AND [sql_instance] IN ($sql_instance)\n     AND snapshot_time >= dateadd(minute,-15,getutcdate())\n  --GROUP BY snapshot_time --$__timeGroup([snapshot_time], $aggregation) \nORDER BY\n  time ASC\n  ",
          "refId": "perf_os_schedulers"
        },
        {
          "alias": "",
          "format": "time_series",
          "hide": false,
          "rawSql": "SELECT \r\n      [time] = snapshot_time --$__timeGroup(t.[snapshot_time], $aggregation)\r\n      ,'CPU Usage %' = t.[cntr_value_calculated]\r\n  FROM (SELECT \r\n\t snapshot_time\r\n\t,[cntr_value_calculated]=sum(pc.[cntr_value_calculated])\r\n\tFROM [dbo].[sqlwatch_logger_perf_os_performance_counters] pc\r\n\t\tinner join [dbo].[sqlwatch_meta_performance_counter] mpc\r\n\t\t\ton pc.sql_instance = mpc.sql_instance\r\n\t\t\tand pc.performance_counter_id = mpc.performance_counter_id  \r\n\tWHERE $__timeFilter(pc.snapshot_time)\r\n\tAND mpc.counter_name IN ('CPU usage %')\r\n\tAND pc.instance_name NOT IN ('internal')\r\n\tAND pc.[sql_instance] IN ($sql_instance)\r\n\t   AND snapshot_time >= dateadd(minute,-15,getutcdate())\r\n\tGROUP BY snapshot_time) t\r\n -- GROUP BY snapshot_time --$__timeGroup(t.[snapshot_time], $aggregation)\r\nORDER BY\r\n  time ASC",
          "refId": "CPU"
        }
      ],
      "timeFrom": null,
      "timeShift": null,
      "title": "",
      "transformations": [
        {
          "id": "calculateField",
          "options": {
            "alias": "Readahead Rate",
            "binary": {
              "left": "Readahead pages/sec",
              "operator": "/",
              "reducer": "sum",
              "right": "Page reads/sec"
            },
            "mode": "binary",
            "reduce": {
              "reducer": "sum"
            },
            "replaceFields": false
          }
        },
        {
          "id": "filterFieldsByName",
          "options": {
            "include": {
              "names": [
                "Time",
                "Bytes Transferred",
                "CPU Usage %",
                "Checks",
                "Latency",
                "Long Processes",
                "SQL Memory",
                "Pending",
                "Batch Requests/sec",
                "Processes blocked",
                "Transactions/sec",
                "SQL Instance",
                "Wait Time",
                "Waiting Tasks"
              ]
            }
          }
        },
        {
          "id": "organize",
          "options": {
            "excludeByName": {
              "SQL Instance": true
            },
            "indexByName": {
              "Batch Requests/sec": 9,
              "Bytes Transferred": 12,
              "CPU Usage %": 3,
              "Checks": 2,
              "Latency": 13,
              "Long Processes": 8,
              "Pending": 4,
              "Processes blocked": 5,
              "SQL Instance": 0,
              "SQL Memory": 11,
              "Time": 1,
              "Transactions/sec": 10,
              "Wait Time": 6,
              "Waiting Tasks": 7
            },
            "renameByName": {
              "Batch Requests/sec": "",
              "Pending": "",
              "Processes blocked": "",
              "Time": "",
              "Wait Time": "Waiting Time",
              "Waiting Tasks": "Waiting Tasks"
            }
          }
        }
      ],
      "transparent": true,
      "type": "stat"
    },
    {
      "collapsed": false,
      "datasource": null,
      "gridPos": {
        "h": 1,
        "w": 24,
        "x": 0,
        "y": 8
      },
      "id": 37,
      "panels": [],
      "title": "Performance - Average Values Over Time",
      "type": "row"
    },
    {
      "datasource": null,
      "fieldConfig": {
        "defaults": {
          "custom": {}
        },
        "overrides": []
      },
      "gridPos": {
        "h": 2,
        "w": 24,
        "x": 0,
        "y": 9
      },
      "id": 46,
      "options": {
        "content": "The table shows average values over time, giving you a quick view of which server is taking up the most, or the least CPU, memory etc. You can set the time range in the time picker and use table header to sort and filter.",
        "mode": "markdown"
      },
      "pluginVersion": "7.4.2",
      "targets": [
        {
          "queryType": "randomWalk",
          "refId": "A"
        }
      ],
      "timeFrom": null,
      "timeShift": null,
      "title": "",
      "transparent": true,
      "type": "text"
    },
    {
      "datasource": "${DataSource}",
      "description": "",
      "fieldConfig": {
        "defaults": {
          "color": {
            "mode": "thresholds"
          },
          "custom": {
            "align": null,
            "filterable": true
          },
          "decimals": 0,
          "links": [],
          "mappings": [],
          "min": 0,
          "thresholds": {
            "mode": "absolute",
            "steps": [
              {
                "color": "dark-green",
                "value": null
              }
            ]
          },
          "unit": "none"
        },
        "overrides": [
          {
            "matcher": {
              "id": "byName",
              "options": "CPU Usage"
            },
            "properties": [
              {
                "id": "thresholds",
                "value": {
                  "mode": "percentage",
                  "steps": [
                    {
                      "color": "green",
                      "value": null
                    },
                    {
                      "color": "light-orange",
                      "value": 80
                    },
                    {
                      "color": "red",
                      "value": 95
                    }
                  ]
                }
              },
              {
                "id": "unit",
                "value": "percent"
              },
              {
                "id": "min",
                "value": 0
              },
              {
                "id": "max",
                "value": 100
              },
              {
                "id": "displayName",
                "value": "CPU"
              },
              {
                "id": "noValue",
                "value": "-1"
              },
              {
                "id": "decimals",
                "value": 1
              },
              {
                "id": "custom.displayMode",
                "value": "basic"
              },
              {
                "id": "custom.width",
                "value": 200
              }
            ]
          },
          {
            "matcher": {
              "id": "byName",
              "options": "Disk Latency"
            },
            "properties": [
              {
                "id": "unit",
                "value": "ms"
              },
              {
                "id": "thresholds",
                "value": {
                  "mode": "absolute",
                  "steps": [
                    {
                      "color": "dark-green",
                      "value": null
                    },
                    {
                      "color": "dark-green",
                      "value": 0
                    },
                    {
                      "color": "light-orange",
                      "value": 20
                    },
                    {
                      "color": "red",
                      "value": 50
                    }
                  ]
                }
              },
              {
                "id": "displayName",
                "value": "Disk Latency"
              },
              {
                "id": "noValue",
                "value": "0"
              },
              {
                "id": "custom.displayMode",
                "value": "color-text"
              },
              {
                "id": "custom.width",
                "value": 120
              }
            ]
          },
          {
            "matcher": {
              "id": "byName",
              "options": "Waiting Time"
            },
            "properties": [
              {
                "id": "unit",
                "value": "ms"
              },
              {
                "id": "thresholds",
                "value": {
                  "mode": "absolute",
                  "steps": [
                    {
                      "color": "green",
                      "value": null
                    },
                    {
                      "color": "light-orange",
                      "value": 800
                    },
                    {
                      "color": "red",
                      "value": 1000
                    }
                  ]
                }
              },
              {
                "id": "noValue",
                "value": "0"
              },
              {
                "id": "custom.displayMode",
                "value": "color-text"
              },
              {
                "id": "custom.width",
                "value": 120
              }
            ]
          },
          {
            "matcher": {
              "id": "byName",
              "options": "Disk IO"
            },
            "properties": [
              {
                "id": "unit",
                "value": "Bps"
              },
              {
                "id": "displayName",
                "value": "Disk IO"
              },
              {
                "id": "noValue",
                "value": "0"
              },
              {
                "id": "custom.width",
                "value": 90
              }
            ]
          },
          {
            "matcher": {
              "id": "byName",
              "options": "Batch Requests/sec"
            },
            "properties": [
              {
                "id": "displayName",
                "value": "Batch Requests"
              },
              {
                "id": "noValue",
                "value": "0"
              },
              {
                "id": "unit",
                "value": "reqps"
              },
              {
                "id": "custom.width",
                "value": 130
              }
            ]
          },
          {
            "matcher": {
              "id": "byName",
              "options": "Page reads/sec"
            },
            "properties": [
              {
                "id": "thresholds",
                "value": {
                  "mode": "absolute",
                  "steps": [
                    {
                      "color": "dark-green",
                      "value": null
                    },
                    {
                      "color": "light-orange",
                      "value": 60
                    },
                    {
                      "color": "red",
                      "value": 90
                    }
                  ]
                }
              },
              {
                "id": "noValue",
                "value": "0"
              }
            ]
          },
          {
            "matcher": {
              "id": "byName",
              "options": "Long Processes"
            },
            "properties": [
              {
                "id": "thresholds",
                "value": {
                  "mode": "absolute",
                  "steps": [
                    {
                      "color": "green",
                      "value": null
                    },
                    {
                      "color": "light-orange",
                      "value": 1
                    }
                  ]
                }
              },
              {
                "id": "noValue",
                "value": "0"
              },
              {
                "id": "links",
                "value": []
              },
              {
                "id": "displayName",
                "value": "Long Sessions"
              },
              {
                "id": "custom.displayMode",
                "value": "color-text"
              },
              {
                "id": "custom.width",
                "value": 125
              }
            ]
          },
          {
            "matcher": {
              "id": "byName",
              "options": "Processes blocked"
            },
            "properties": [
              {
                "id": "thresholds",
                "value": {
                  "mode": "absolute",
                  "steps": [
                    {
                      "color": "green",
                      "value": null
                    },
                    {
                      "color": "red",
                      "value": 1
                    }
                  ]
                }
              },
              {
                "id": "displayName",
                "value": "Blocked"
              },
              {
                "id": "custom.displayMode",
                "value": "color-text"
              },
              {
                "id": "custom.width",
                "value": 95
              }
            ]
          },
          {
            "matcher": {
              "id": "byName",
              "options": "Checks"
            },
            "properties": [
              {
                "id": "mappings",
                "value": [
                  {
                    "from": "",
                    "id": 1,
                    "text": "OK",
                    "to": "",
                    "type": 1,
                    "value": "0"
                  },
                  {
                    "from": "",
                    "id": 2,
                    "text": "Warning",
                    "to": "",
                    "type": 1,
                    "value": "1"
                  },
                  {
                    "from": "",
                    "id": 3,
                    "text": "Critical",
                    "to": "",
                    "type": 1,
                    "value": "2"
                  },
                  {
                    "from": "",
                    "id": 4,
                    "text": "Error",
                    "to": "",
                    "type": 1,
                    "value": "3"
                  }
                ]
              },
              {
                "id": "thresholds",
                "value": {
                  "mode": "absolute",
                  "steps": [
                    {
                      "color": "dark-green",
                      "value": null
                    },
                    {
                      "color": "light-orange",
                      "value": 1
                    },
                    {
                      "color": "red",
                      "value": 2
                    },
                    {
                      "color": "purple",
                      "value": 3
                    }
                  ]
                }
              },
              {
                "id": "displayName",
                "value": "$sql_instance"
              },
              {
                "id": "links",
                "value": [
                  {
                    "title": "$sql_instance Check Details",
                    "url": "/d/sqlwatch-instance-overview/sql-instance-overview?${__url_time_range}&viewPanel=252&var-DataSource=${DataSource}&var-sql_instance=${sql_instance}"
                  }
                ]
              }
            ]
          },
          {
            "matcher": {
              "id": "byName",
              "options": "SQL Memory"
            },
            "properties": [
              {
                "id": "min",
                "value": 0
              },
              {
                "id": "max",
                "value": 1
              },
              {
                "id": "decimals",
                "value": 0
              },
              {
                "id": "thresholds",
                "value": {
                  "mode": "absolute",
                  "steps": [
                    {
                      "color": "green",
                      "value": null
                    },
                    {
                      "color": "light-orange",
                      "value": 85
                    },
                    {
                      "color": "red",
                      "value": 95
                    }
                  ]
                }
              },
              {
                "id": "unit",
                "value": "percentunit"
              },
              {
                "id": "custom.displayMode",
                "value": "basic"
              },
              {
                "id": "custom.width",
                "value": 200
              }
            ]
          },
          {
            "matcher": {
              "id": "byName",
              "options": "Pending"
            },
            "properties": [
              {
                "id": "thresholds",
                "value": {
                  "mode": "absolute",
                  "steps": [
                    {
                      "color": "green",
                      "value": null
                    },
                    {
                      "color": "red",
                      "value": 1
                    }
                  ]
                }
              },
              {
                "id": "displayName",
                "value": "Pending"
              },
              {
                "id": "custom.displayMode",
                "value": "color-text"
              },
              {
                "id": "custom.width",
                "value": 95
              }
            ]
          },
          {
            "matcher": {
              "id": "byName",
              "options": "Transactions/sec"
            },
            "properties": [
              {
                "id": "displayName",
                "value": "Transactions"
              },
              {
                "id": "unit",
                "value": "cps"
              },
              {
                "id": "custom.width",
                "value": 120
              }
            ]
          },
          {
            "matcher": {
              "id": "byName",
              "options": "SQL Instance"
            },
            "properties": [
              {
                "id": "custom.width",
                "value": 200
              },
              {
                "id": "links",
                "value": [
                  {
                    "targetBlank": true,
                    "title": "Instance Details",
                    "url": "/d/sqlwatch-instance-overview/sql-instance-details?${__all_variables}"
                  }
                ]
              },
              {
                "id": "custom.width",
                "value": 175
              }
            ]
          },
          {
            "matcher": {
              "id": "byName",
              "options": "SQL Version"
            },
            "properties": [
              {
                "id": "custom.width"
              },
              {
                "id": "custom.displayMode",
                "value": "json-view"
              }
            ]
          },
          {
            "matcher": {
              "id": "byName",
              "options": "Logins/sec"
            },
            "properties": [
              {
                "id": "custom.displayMode",
                "value": "color-text"
              },
              {
                "id": "thresholds",
                "value": {
                  "mode": "absolute",
                  "steps": [
                    {
                      "color": "green",
                      "value": null
                    },
                    {
                      "color": "light-orange",
                      "value": 2
                    },
                    {
                      "color": "red",
                      "value": 4
                    }
                  ]
                }
              },
              {
                "id": "custom.width",
                "value": 106
              }
            ]
          },
          {
            "matcher": {
              "id": "byName",
              "options": "Connections"
            },
            "properties": [
              {
                "id": "custom.width",
                "value": 115
              }
            ]
          }
        ]
      },
      "gridPos": {
        "h": 16,
        "w": 24,
        "x": 0,
        "y": 11
      },
      "id": 32,
      "options": {
        "showHeader": true,
        "sortBy": []
      },
      "pluginVersion": "7.4.2",
      "repeatDirection": "v",
      "targets": [
        {
          "alias": "",
          "format": "table",
          "hide": false,
          "rawSql": "SELECT --repository_dashboard_table\n\t   'Batch Requests/sec' = avg(case when counter_name = 'Batch Requests/sec' then [cntr_value_calculated] else null end)\n\t  ,'Readahead pages/sec' = avg(case when counter_name = 'Readahead pages/sec' then [cntr_value_calculated] else null end)\n\t  ,'Transactions/sec' = max(case when counter_name = 'Transactions/sec' then [cntr_value_calculated] else null end)\n\t  ,'Processes blocked' = avg(case when counter_name = 'Processes blocked' then [cntr_value_calculated] else null end)\n\t  ,'User Connections' = avg(case when counter_name = 'User Connections' then [cntr_value_calculated] else null end)\n\t  ,'Logins/sec' = avg(case when counter_name = 'Logins/sec' then cntr_value_calculated else null end)\n\t  ,pc.sql_instance\n  FROM [dbo].[vw_sqlwatch_report_fact_perf_os_performance_counters] pc\n  WHERE [aggregation_interval_minutes] = 1\n   AND $__timeFilter(snapshot_time)\n   AND counter_name IN ('Batch Requests/sec','Readahead pages/sec','Transactions/sec','Processes blocked','CPU usage %','User Connections','Logins/sec')\n   GROUP BY pc.sql_instance",
          "refId": "perf_os_performance_counters"
        },
        {
          "alias": "",
          "format": "table",
          "hide": false,
          "rawSql": "select t.sql_instance, 'Wait Time' = avg([Wait Time])\nfrom (SELECT \n\t   d.sql_instance, d.snapshot_time\n      ,'Wait Time' = sum(wait_time_ms_delta / [delta_seconds]) \n      --,'Waiting Tasks' = convert(bigint,sum(waiting_tasks_count_delta / [delta_seconds]) / 1000) --this is similar to waiting tasks in SSMS\n  FROM [dbo].[sqlwatch_logger_perf_os_wait_stats] d\n  WHERE  $__timeFilter(snapshot_time)\n  GROUP BY d.sql_instance, d.snapshot_time) t\n  GROUP BY t.sql_instance",
          "refId": "perf_os_wait_stats"
        },
        {
          "alias": "",
          "format": "table",
          "hide": false,
          "rawSql": "SELECT \n      sql_instance\n      ,[Bytes Transferred] = AVG([bytes_written_per_second]+[bytes_read_per_second])\n      ,[Latency] = MAX([io_latency_read]+[io_latency_write])\n  FROM [dbo].[vw_sqlwatch_report_fact_perf_file_stats]\n  WHERE $__timeFilter(snapshot_time)\n  GROUP BY sql_instance\n  ",
          "refId": "perf_file_stats"
        },
        {
          "alias": "",
          "format": "table",
          "hide": false,
          "rawSql": "SELECT [time] = h.snapshot_time\r\n      , [Long Processes] = count(distinct session_id)\r\n      , h.sql_instance\r\n  FROM [dbo].[sqlwatch_logger_snapshot_header] h --this is so we always get row to show the tile, even if there are no rows in the data view. otherwise the tile will not be shown\r\n  left join [dbo].[vw_sqlwatch_report_fact_xes_long_queries] l\r\n    on h.sql_instance = l.sql_instance\r\n    and h.snapshot_time = l.snapshot_time\r\n    and h.snapshot_type_id = l.snapshot_type_id\r\n  WHERE h.snapshot_time >= dateadd(minute,-15,getutcdate())\r\n   AND $__timeFilter(h.snapshot_time)\r\n  group by h.snapshot_time, h.sql_instance\r\nORDER BY\r\n  time desc",
          "refId": "xes_long_queries"
        },
        {
          "alias": "",
          "format": "time_series",
          "hide": true,
          "rawSql": "SELECT top 1 [time]=$__timeGroup([snapshot_time], $aggregation) \r\n,[SQL Instance]=count(h.sql_instance)\r\n  FROM dbo.sqlwatch_logger_snapshot_header h\r\n  where snapshot_type_id = 1\r\n    AND h.[sql_instance] IN ($sql_instance)\r\n   AND $__timeFilter(h.snapshot_time)\r\n  group by $__timeGroup([snapshot_time], $aggregation) ",
          "refId": "SQL Instance"
        },
        {
          "alias": "",
          "format": "time_series",
          "hide": true,
          "rawSql": "SELECT [time] = getdate(),\r\n [Checks] = max(case \r\n\t\twhen last_check_status = 'OK' then 0\r\n\t\twhen last_check_status = 'WARNING' then 1\r\n\t\twhen last_check_status = 'CRITICAL' then 2\r\n\t\telse 3 end)\r\n  FROM [dbo].[vw_sqlwatch_report_dim_check]\r\n     WHERE [sql_instance] IN ($sql_instance)\r\n     AND check_enabled = 1",
          "refId": "Checks"
        },
        {
          "alias": "",
          "format": "table",
          "hide": false,
          "rawSql": "SELECT \n       sql_instance\n      ,[SQL Memory] = AVG([physical_memory_in_use_kb]*1.0/([physical_memory_in_use_kb]+[available_commit_limit_kb]))\n  FROM [dbo].[vw_sqlwatch_report_fact_perf_os_process_memory]\n  WHERE $__timeFilter(snapshot_time)\n  GROUP BY sql_instance\n  ",
          "refId": "perf_os_process_memory"
        },
        {
          "alias": "",
          "format": "table",
          "hide": false,
          "rawSql": "SELECT t.sql_instance, [Pending] = avg([Pending])\nfrom (SELECT \n      os.sql_instance , os.snapshot_time\n      ,[Pending] = MAX([runnable_tasks_count]+work_queue_count+pending_disk_io_count)\n  FROM [dbo].[vw_sqlwatch_report_fact_perf_os_schedulers] os\n  WHERE $__timeFilter(os.snapshot_time)\n   GROUP BY os.sql_instance, os.snapshot_time\n) t\nGROUP BY t.sql_instance",
          "refId": "perf_os_schedulers"
        },
        {
          "alias": "",
          "format": "table",
          "hide": false,
          "rawSql": "SELECT [physical_name]\r\n      ,sql_instance = [servername]\r\n      ,[service_name]\r\n      ,[local_net_address]\r\n      ,[local_tcp_port]\r\n      ,[sql_version]\r\n  FROM [dbo].[sqlwatch_meta_server]",
          "refId": "meta_server"
        },
        {
          "alias": "",
          "format": "table",
          "hide": false,
          "rawSql": "SELECT t.sql_instance\r\n      ,'CPU Usage %' = avg(t.[cntr_value_calculated])\r\n  FROM (SELECT \r\n\t snapshot_time, pc.sql_instance\r\n\t,[cntr_value_calculated]=sum(pc.[cntr_value_calculated])\r\n\tFROM [dbo].[sqlwatch_logger_perf_os_performance_counters] pc\r\n\t\tinner join [dbo].[sqlwatch_meta_performance_counter] mpc\r\n\t\t\ton pc.sql_instance = mpc.sql_instance\r\n\t\t\tand pc.performance_counter_id = mpc.performance_counter_id  \r\n\tWHERE $__timeFilter(pc.snapshot_time)\r\n\tAND mpc.counter_name IN ('CPU usage %')\r\n\tAND pc.instance_name NOT IN ('internal')\r\n\tGROUP BY snapshot_time, pc.sql_instance) t\r\n  GROUP BY t.sql_instance",
          "refId": "CPU"
        }
      ],
      "timeFrom": null,
      "timeShift": null,
      "title": "",
      "transformations": [
        {
          "id": "seriesToColumns",
          "options": {
            "byField": "sql_instance"
          }
        },
        {
          "id": "calculateField",
          "options": {
            "alias": "Readahead Rate",
            "binary": {
              "left": "Readahead pages/sec",
              "operator": "/",
              "reducer": "sum",
              "right": "Page reads/sec"
            },
            "mode": "binary",
            "reduce": {
              "reducer": "sum"
            },
            "replaceFields": false
          }
        },
        {
          "id": "organize",
          "options": {
            "excludeByName": {
              "Readahead pages/sec": true,
              "SQL Instance": true,
              "local_net_address": true,
              "local_tcp_port": true,
              "physical_name": true,
              "service_name": true
            },
            "indexByName": {
              "Batch Requests/sec": 6,
              "Bytes Transferred": 11,
              "CPU Usage %": 1,
              "Latency": 12,
              "Logins/sec": 9,
              "Long Processes": 5,
              "Pending": 2,
              "Processes blocked": 3,
              "Readahead pages/sec": 18,
              "SQL Memory": 10,
              "Transactions/sec": 7,
              "User Connections": 8,
              "Wait Time": 4,
              "local_net_address": 15,
              "local_tcp_port": 16,
              "physical_name": 13,
              "service_name": 14,
              "sql_instance": 0,
              "sql_version": 17
            },
            "renameByName": {
              "Batch Requests/sec": "",
              "Bytes Transferred": "Disk IO",
              "CPU Usage %": "CPU Usage",
              "CPU usage %": "CPU Usage",
              "Latency": "Disk Latency",
              "Pending": "",
              "Processes blocked": "",
              "Time": "",
              "User Connections": "Connections",
              "Wait Time": "Waiting Time",
              "Waiting Tasks": "Waiting Tasks",
              "sql_instance": "SQL Instance",
              "sql_version": "SQL Version"
            }
          }
        }
      ],
      "transparent": true,
      "type": "table"
    }
  ],
  "refresh": "5s",
  "schemaVersion": 27,
  "style": "dark",
  "tags": [
    "SQLWATCH"
  ],
  "templating": {
    "list": [
      {
        "current": {
          "selected": true,
          "text": "SQL-2",
          "value": "SQL-2"
        },
        "description": null,
        "error": null,
        "hide": 0,
        "includeAll": false,
        "label": "Repository",
        "multi": false,
        "name": "DataSource",
        "options": [],
        "query": "mssql",
        "queryValue": "",
        "refresh": 1,
        "regex": "",
        "skipUrlSync": false,
        "type": "datasource"
      },
      {
        "allValue": "@@servername",
        "current": {
          "selected": true,
          "text": [
            "All"
          ],
          "value": [
            "$__all"
          ]
        },
        "datasource": "$DataSource",
        "definition": "SELECT [servername] FROM [dbo].[sqlwatch_meta_server]",
        "description": null,
        "error": null,
        "hide": 2,
        "includeAll": true,
        "label": "SQL Instance",
        "multi": true,
        "name": "sql_instance",
        "options": [],
        "query": "SELECT [servername] FROM [dbo].[sqlwatch_meta_server]",
        "refresh": 1,
        "regex": "",
        "skipUrlSync": false,
        "sort": 1,
        "tagValuesQuery": "",
        "tags": [],
        "tagsQuery": "",
        "type": "query",
        "useTags": false
      },
      {
        "auto": true,
        "auto_count": 500,
        "auto_min": "1s",
        "current": {
          "selected": false,
          "text": "auto",
          "value": "$__auto_interval_aggregation"
        },
        "description": null,
        "error": null,
        "hide": 2,
        "label": "Aggregation",
        "name": "aggregation",
        "options": [
          {
            "selected": true,
            "text": "auto",
            "value": "$__auto_interval_aggregation"
          },
          {
            "selected": false,
            "text": "1s",
            "value": "1s"
          }
        ],
        "query": "1s",
        "queryValue": "",
        "refresh": 2,
        "skipUrlSync": false,
        "type": "interval"
      }
    ]
  },
  "time": {
    "from": "now-5m",
    "to": "now"
  },
  "timepicker": {
    "hidden": false,
    "nowDelay": "",
    "refresh_intervals": [
      "5s"
    ]
  },
  "timezone": "utc",
  "title": "Repository Dashboard",
  "uid": "sqlwatch-repository-summary",
  "version": 274
}
