{
  "annotations": {
    "list": [
      {
        "builtIn": 1,
        "datasource": "-- Grafana --",
        "enable": true,
        "hide": true,
        "iconColor": "rgba(0, 211, 255, 1)",
        "name": "Annotations & Alerts",
        "type": "dashboard"
      }
    ]
  },
  "editable": true,
  "gnetId": null,
  "graphTooltip": 0,
  "id": 27,
  "iteration": 1621340408495,
  "links": [
    {
      "asDropdown": true,
      "icon": "external link",
      "includeVars": true,
      "keepTime": true,
      "tags": [
        "SQLWATCH"
      ],
      "title": "Dashboards",
      "type": "dashboards"
    }
  ],
  "panels": [
    {
      "datasource": null,
      "fieldConfig": {
        "defaults": {
          "custom": {}
        },
        "overrides": []
      },
      "gridPos": {
        "h": 2,
        "w": 24,
        "x": 0,
        "y": 0
      },
      "id": 7,
      "options": {
        "content": "Events with wait longer than 1 second as registered by the Extended Event Session. \nPlease note that the fact that the query is waiting for a resource, does not mean that it is the query's fault. It could be a dozen of other \"heavy\" queries causing this particular query to wait. ",
        "mode": "markdown"
      },
      "pluginVersion": "7.4.2",
      "targets": [
        {
          "queryType": "randomWalk",
          "refId": "A"
        }
      ],
      "timeFrom": null,
      "timeShift": null,
      "title": "",
      "type": "text"
    },
    {
      "aliasColors": {},
      "bars": false,
      "dashLength": 10,
      "dashes": false,
      "datasource": "$DataSource",
      "description": "",
      "fieldConfig": {
        "defaults": {
          "custom": {},
          "links": [],
          "thresholds": {
            "mode": "absolute",
            "steps": []
          }
        },
        "overrides": []
      },
      "fill": 1,
      "fillGradient": 3,
      "gridPos": {
        "h": 6,
        "w": 24,
        "x": 0,
        "y": 2
      },
      "hiddenSeries": false,
      "id": 2,
      "legend": {
        "alignAsTable": false,
        "avg": false,
        "current": false,
        "hideEmpty": true,
        "hideZero": true,
        "max": false,
        "min": false,
        "rightSide": false,
        "show": false,
        "total": false,
        "values": false
      },
      "lines": true,
      "linewidth": 0,
      "nullPointMode": "null as zero",
      "options": {
        "alertThreshold": true
      },
      "percentage": false,
      "pluginVersion": "7.4.2",
      "pointradius": 4,
      "points": true,
      "renderer": "flot",
      "seriesOverrides": [],
      "spaceLength": 10,
      "stack": false,
      "steppedLine": false,
      "targets": [
        {
          "alias": "",
          "format": "time_series",
          "rawSql": "SELECT \n      [time]= event_time\n      ,[Wait Type] = case when '$Waits' = 'Category' then [wait_category] else [wait_type] end\n      ,[Wait Duration] = sum([duration])\n  FROM [vw_sqlwatch_report_fact_xes_wait_events]\n    \n  WHERE $__timeFilter(event_time)\n  AND [sql_instance] = '$sql_instance'\n\n  group by event_time,case when '$Waits' = 'Category' then [wait_category] else [wait_type] end\nORDER BY\n  time ASC",
          "refId": "A"
        }
      ],
      "thresholds": [],
      "timeFrom": null,
      "timeRegions": [],
      "timeShift": null,
      "title": "Wait Events",
      "tooltip": {
        "shared": false,
        "sort": 1,
        "value_type": "individual"
      },
      "transformations": [],
      "type": "graph",
      "xaxis": {
        "buckets": null,
        "min": null,
        "mode": "time",
        "name": null,
        "show": true,
        "values": []
      },
      "yaxes": [
        {
          "$$hashKey": "object:402",
          "decimals": 0,
          "format": "dtdurationms",
          "label": null,
          "logBase": 2,
          "max": null,
          "min": "1000",
          "show": true
        },
        {
          "$$hashKey": "object:403",
          "format": "short",
          "label": null,
          "logBase": 1,
          "max": null,
          "min": null,
          "show": true
        }
      ],
      "yaxis": {
        "align": false,
        "alignLevel": 0
      }
    },
    {
      "datasource": "$DataSource",
      "fieldConfig": {
        "defaults": {
          "custom": {
            "align": null,
            "displayMode": "auto",
            "filterable": false
          },
          "links": [
            {
              "title": "Show Query",
              "url": "/d/sqlwatch-wait-events/wait-events?${__url_time_range}﻿﻿&${DataSource:queryparam}&${sql_instance:queryparam}&﻿﻿&var-Waits=Category&${WaitCalc:queryparam}&var-QueryPlanHash=﻿﻿${__data.fields.query_plan_hash}"
            }
          ],
          "mappings": [],
          "thresholds": {
            "mode": "absolute",
            "steps": [
              {
                "color": "green",
                "value": null
              },
              {
                "color": "red",
                "value": 80
              }
            ]
          }
        },
        "overrides": [
          {
            "matcher": {
              "id": "byName",
              "options": "sql_text"
            },
            "properties": [
              {
                "id": "custom.displayMode",
                "value": "json-view"
              },
              {
                "id": "links",
                "value": [
                  {
                    "title": "Show Query",
                    "url": "/d/sqlwatch-wait-events/wait-events?﻿${DataSource:queryparam}"
                  }
                ]
              }
            ]
          }
        ]
      },
      "gridPos": {
        "h": 6,
        "w": 24,
        "x": 0,
        "y": 8
      },
      "id": 3,
      "options": {
        "showHeader": true,
        "sortBy": [
          {
            "desc": true,
            "displayName": "duration"
          }
        ]
      },
      "pluginVersion": "7.4.2",
      "targets": [
        {
          "alias": "",
          "format": "table",
          "rawSql": "select \t event_time\t\n\t,wait_type\t\n\t,wait_category\t\n\t,duration\t\n\t,signal_duration\t\n\t,session_id\t\n\t,username\t\n\t,client_hostname\t\n\t,client_app_name\t\n\t,database_name\t\n\t,sql_instance\t\n\t,snapshot_time\t\n\t,sql_text\n\t,query_plan_hash=convert(varchar(max),isnull(query_plan_hash,0),2)\nfrom [dbo].[vw_sqlwatch_report_fact_xes_wait_events] \nWHERE [sql_instance] = '$sql_instance'\nAND $__timeFilter(event_time)",
          "refId": "A"
        }
      ],
      "timeFrom": null,
      "timeShift": null,
      "title": "Queries",
      "transformations": [
        {
          "id": "organize",
          "options": {
            "excludeByName": {
              "RN": true,
              "detail": true,
              "sqlwatch_activity_id": false
            },
            "indexByName": {
              "activity_id": 12,
              "activity_id_sequence": 13,
              "client_app_name": 6,
              "client_hostname": 5,
              "database_name": 4,
              "duration": 1,
              "event_time": 0,
              "session_id": 9,
              "signal_duration": 11,
              "snapshot_time": 8,
              "snapshot_type_id": 14,
              "sql_instance": 10,
              "sqlwatch_query_hash": 15,
              "username": 7,
              "wait_category": 3,
              "wait_type": 2
            },
            "renameByName": {}
          }
        }
      ],
      "type": "table"
    },
    {
      "datasource": "${DataSource}",
      "fieldConfig": {
        "defaults": {
          "custom": {}
        },
        "overrides": []
      },
      "gridPos": {
        "h": 8,
        "w": 24,
        "x": 0,
        "y": 14
      },
      "id": 5,
      "options": {
        "showLabels": false,
        "showTime": false,
        "sortOrder": "Descending",
        "wrapLogMessage": true
      },
      "pluginVersion": "7.4.2",
      "targets": [
        {
          "alias": "",
          "format": "table",
          "queryType": "randomWalk",
          "rawSql": "select distinct time=getdate(),convert(varchar(max),sql_text)\nfrom [dbo].[vw_sqlwatch_report_fact_xes_wait_events] \nwhere $__timeFilter(event_time)\nand convert(varchar(max),query_plan_hash,2) = right('$QueryPlanHash',len('$QueryPlanHash')-2)",
          "refId": "A"
        }
      ],
      "title": "SQL Text from Plan Hash",
      "type": "logs"
    }
  ],
  "refresh": false,
  "schemaVersion": 27,
  "style": "dark",
  "tags": [
    "SQLWATCH"
  ],
  "templating": {
    "list": [
      {
        "current": {
          "selected": false,
          "text": "SQL-2",
          "value": "SQL-2"
        },
        "description": null,
        "error": null,
        "hide": 0,
        "includeAll": false,
        "label": "Data Source",
        "multi": false,
        "name": "DataSource",
        "options": [],
        "query": "mssql",
        "queryValue": "",
        "refresh": 1,
        "regex": "",
        "skipUrlSync": false,
        "type": "datasource"
      },
      {
        "allValue": null,
        "current": {
          "selected": false,
          "text": "SQL-2",
          "value": "SQL-2"
        },
        "datasource": "$DataSource",
        "definition": "SELECT [servername] FROM [dbo].[sqlwatch_meta_server]",
        "description": null,
        "error": null,
        "hide": 0,
        "includeAll": false,
        "label": "SQL Instance",
        "multi": false,
        "name": "sql_instance",
        "options": [],
        "query": "SELECT [servername] FROM [dbo].[sqlwatch_meta_server]",
        "refresh": 1,
        "regex": "",
        "skipUrlSync": false,
        "sort": 1,
        "tagValuesQuery": "",
        "tags": [],
        "tagsQuery": "",
        "type": "query",
        "useTags": false
      },
      {
        "allValue": null,
        "current": {
          "selected": false,
          "text": "Category",
          "value": "Category"
        },
        "description": null,
        "error": null,
        "hide": 0,
        "includeAll": false,
        "label": "Group Waits By",
        "multi": false,
        "name": "Waits",
        "options": [
          {
            "selected": true,
            "text": "Category",
            "value": "Category"
          },
          {
            "selected": false,
            "text": "Type",
            "value": "Type"
          }
        ],
        "query": "Category,Type",
        "queryValue": "",
        "skipUrlSync": false,
        "type": "custom"
      },
      {
        "current": {
          "selected": false,
          "text": "﻿﻿0",
          "value": "﻿﻿0"
        },
        "description": null,
        "error": null,
        "hide": 0,
        "label": "Query Plan Hash",
        "name": "QueryPlanHash",
        "options": [
          {
            "selected": false,
            "text": "0",
            "value": "0"
          }
        ],
        "query": "﻿﻿0",
        "skipUrlSync": false,
        "type": "textbox"
      }
    ]
  },
  "time": {
    "from": "now-24h",
    "to": "now﻿﻿﻿﻿﻿﻿﻿﻿﻿﻿﻿﻿﻿﻿﻿﻿﻿﻿﻿﻿﻿﻿﻿﻿﻿﻿﻿﻿﻿﻿﻿﻿﻿﻿﻿﻿﻿﻿﻿﻿﻿﻿﻿﻿﻿﻿﻿﻿﻿﻿﻿﻿﻿﻿﻿﻿﻿﻿﻿﻿﻿﻿﻿﻿﻿﻿﻿﻿﻿﻿﻿﻿﻿﻿﻿﻿﻿﻿﻿﻿﻿﻿﻿﻿﻿﻿﻿﻿﻿﻿﻿﻿﻿﻿﻿﻿﻿﻿﻿﻿﻿﻿﻿﻿﻿﻿﻿﻿﻿﻿﻿﻿﻿﻿﻿﻿﻿﻿﻿﻿﻿﻿﻿﻿﻿﻿﻿﻿﻿﻿﻿﻿﻿﻿﻿﻿﻿﻿﻿﻿﻿﻿﻿﻿﻿﻿﻿﻿﻿﻿﻿﻿﻿﻿﻿﻿﻿﻿"
  },
  "timepicker": {
    "refresh_intervals": [
      "10s",
      "30s",
      "1m",
      "5m",
      "15m",
      "30m",
      "1h",
      "2h",
      "1d"
    ]
  },
  "timezone": "utc",
  "title": "Wait Events",
  "uid": "sqlwatch-wait-events",
  "version": 113
}